{"A": {"__ndarray__": [[1.4999999999999998, -0.49999999999999994], [-0.49999999999999994, 1.4999999999999998]], "dtype": "float64", "shape": [2, 2], "Corder": true}}