{"A": {"__ndarray__": [[3.0000000000000004, -2.0], [-2.0, 3.0000000000000004]], "dtype": "float64", "shape": [2, 2], "Corder": true}}